0:00,8:48,9:23,10:37
0:01,8:48,9:23,10:37
0:02,8:48,9:23,10:37
0:03,8:48,9:23,10:37
0:04,8:48,9:23,10:37
0:05,8:48,9:23,10:37
0:06,8:48,9:23,10:37
0:07,8:48,9:23,10:37
0:08,8:48,9:23,10:37
0:09,8:48,9:23,10:37
0:10,8:48,9:23,10:37
0:11,8:48,9:23,10:37
0:12,8:48,9:23,10:37
0:13,8:48,9:23,10:37
0:14,8:48,9:23,10:37
0:15,8:48,9:23,10:37
0:16,8:48,9:23,10:37
0:17,8:48,9:23,10:37
0:18,8:48,9:23,10:37
0:19,8:48,9:23,10:37
0:20,8:48,9:23,10:37
0:21,8:48,9:23,10:37
0:22,8:48,9:23,10:37
0:23,8:48,9:23,10:37
0:24,8:48,9:23,10:37
0:25,8:48,9:23,10:37
0:26,8:48,9:23,10:37
0:27,8:48,9:23,10:37
0:28,8:48,9:23,10:37
0:29,8:48,9:23,10:37
0:30,8:48,9:23,10:37
0:31,8:48,9:23,10:37
0:32,8:48,9:23,10:37
0:33,8:48,9:23,10:37
0:34,8:48,9:23,10:37
0:35,8:48,9:23,10:37
0:36,8:48,9:23,10:37
0:37,8:48,9:23,10:37
0:38,8:48,9:23,10:37
0:39,8:48,9:23,10:37
0:40,8:48,9:23,10:37
0:41,8:48,9:23,10:37
0:42,8:48,9:23,10:37
0:43,8:48,9:23,10:37
0:44,8:48,9:23,10:37
0:45,8:48,9:23,10:37
0:46,8:48,9:23,10:37
0:47,8:48,9:23,10:37
0:48,8:48,9:23,10:37
0:49,8:48,9:23,10:37
0:50,8:48,9:23,10:37
0:51,8:48,9:23,10:37
0:52,8:48,9:23,10:37
0:53,8:48,9:23,10:37
0:54,8:48,9:23,10:37
0:55,8:48,9:23,10:37
0:56,8:48,9:23,10:37
0:57,8:48,9:23,10:37
0:58,8:48,9:23,10:37
0:59,8:48,9:23,10:37
1:00,8:48,9:23,10:37
1:01,8:48,9:23,10:37
1:02,8:48,9:23,10:37
1:03,8:48,9:23,10:37
1:04,8:48,9:23,10:37
1:05,8:48,9:23,10:37
1:06,8:48,9:23,10:37
1:07,8:48,9:23,10:37
1:08,8:48,9:23,10:37
1:09,8:48,9:23,10:37
1:10,8:48,9:23,10:37
1:11,8:48,9:23,10:37
1:12,8:48,9:23,10:37
1:13,8:48,9:23,10:37
1:14,8:48,9:23,10:37
1:15,8:48,9:23,10:37
1:16,8:48,9:23,10:37
1:17,8:48,9:23,10:37
1:18,8:48,9:23,10:37
1:19,8:48,9:23,10:37
1:20,8:48,9:23,10:37
1:21,8:48,9:23,10:37
1:22,8:48,9:23,10:37
1:23,8:48,9:23,10:37
1:24,8:48,9:23,10:37
1:25,8:48,9:23,10:37
1:26,8:48,9:23,10:37
1:27,8:48,9:23,10:37
1:28,8:48,9:23,10:37
1:29,8:48,9:23,10:37
1:30,8:48,9:23,10:37
1:31,8:48,9:23,10:37
1:32,8:48,9:23,10:37
1:33,8:48,9:23,10:37
1:34,8:48,9:23,10:37
1:35,8:48,9:23,10:37
1:36,8:48,9:23,10:37
1:37,8:48,9:23,10:37
1:38,8:48,9:23,10:37
1:39,8:48,9:23,10:37
1:40,8:48,9:23,10:37
1:41,8:48,9:23,10:37
1:42,8:48,9:23,10:37
1:43,8:48,9:23,10:37
1:44,8:48,9:23,10:37
1:45,8:48,9:23,10:37
1:46,8:48,9:23,10:37
1:47,8:48,9:23,10:37
1:48,8:48,9:23,10:37
1:49,8:48,9:23,10:37
1:50,8:48,9:23,10:37
1:51,8:48,9:23,10:37
1:52,8:48,9:23,10:37
1:53,8:48,9:23,10:37
1:54,8:48,9:23,10:37
1:55,8:48,9:23,10:37
1:56,8:48,9:23,10:37
1:57,8:48,9:23,10:37
1:58,8:48,9:23,10:37
1:59,8:48,9:23,10:37
2:00,8:48,9:23,10:37
2:01,8:48,9:23,10:37
2:02,8:48,9:23,10:37
2:03,8:48,9:23,10:37
2:04,8:48,9:23,10:37
2:05,8:48,9:23,10:37
2:06,8:48,9:23,10:37
2:07,8:48,9:23,10:37
2:08,8:48,9:23,10:37
2:09,8:48,9:23,10:37
2:10,8:48,9:23,10:37
2:11,8:48,9:23,10:37
2:12,8:48,9:23,10:37
2:13,8:48,9:23,10:37
2:14,8:48,9:23,10:37
2:15,8:48,9:23,10:37
2:16,8:48,9:23,10:37
2:17,8:48,9:23,10:37
2:18,8:48,9:23,10:37
2:19,8:48,9:23,10:37
2:20,8:48,9:23,10:37
2:21,8:48,9:23,10:37
2:22,8:48,9:23,10:37
2:23,8:48,9:23,10:37
2:24,8:48,9:23,10:37
2:25,8:48,9:23,10:37
2:26,8:48,9:23,10:37
2:27,8:48,9:23,10:37
2:28,8:48,9:23,10:37
2:29,8:48,9:23,10:37
2:30,8:48,9:23,10:37
2:31,8:48,9:23,10:37
2:32,8:48,9:23,10:37
2:33,8:48,9:23,10:37
2:34,8:48,9:23,10:37
2:35,8:48,9:23,10:37
2:36,8:48,9:23,10:37
2:37,8:48,9:23,10:37
2:38,8:48,9:23,10:37
2:39,8:48,9:23,10:37
2:40,8:48,9:23,10:37
2:41,8:48,9:23,10:37
2:42,8:48,9:23,10:37
2:43,8:48,9:23,10:37
2:44,8:48,9:23,10:37
2:45,8:48,9:23,10:37
2:46,8:48,9:23,10:37
2:47,8:48,9:23,10:37
2:48,8:48,9:23,10:37
2:49,8:48,9:23,10:37
2:50,8:48,9:23,10:37
2:51,8:48,9:23,10:37
2:52,8:48,9:23,10:37
2:53,8:48,9:23,10:37
2:54,8:48,9:23,10:37
2:55,8:48,9:23,10:37
2:56,8:48,9:23,10:37
2:57,8:48,9:23,10:37
2:58,8:48,9:23,10:37
2:59,8:48,9:23,10:37
3:00,8:48,9:23,10:37
3:01,8:48,9:23,10:37
3:02,8:48,9:23,10:37
3:03,8:48,9:23,10:37
3:04,8:48,9:23,10:37
3:05,8:48,9:23,10:37
3:06,8:48,9:23,10:37
3:07,8:48,9:23,10:37
3:08,8:48,9:23,10:37
3:09,8:48,9:23,10:37
3:10,8:48,9:23,10:37
3:11,8:48,9:23,10:37
3:12,8:48,9:23,10:37
3:13,8:48,9:23,10:37
3:14,8:48,9:23,10:37
3:15,8:48,9:23,10:37
3:16,8:48,9:23,10:37
3:17,8:48,9:23,10:37
3:18,8:48,9:23,10:37
3:19,8:48,9:23,10:37
3:20,8:48,9:23,10:37
3:21,8:48,9:23,10:37
3:22,8:48,9:23,10:37
3:23,8:48,9:23,10:37
3:24,8:48,9:23,10:37
3:25,8:48,9:23,10:37
3:26,8:48,9:23,10:37
3:27,8:48,9:23,10:37
3:28,8:48,9:23,10:37
3:29,8:48,9:23,10:37
3:30,8:48,9:23,10:37
3:31,8:48,9:23,10:37
3:32,8:48,9:23,10:37
3:33,8:48,9:23,10:37
3:34,8:48,9:23,10:37
3:35,8:48,9:23,10:37
3:36,8:48,9:23,10:37
3:37,8:48,9:23,10:37
3:38,8:48,9:23,10:37
3:39,8:48,9:23,10:37
3:40,8:48,9:23,10:37
3:41,8:48,9:23,10:37
3:42,8:48,9:23,10:37
3:43,8:48,9:23,10:37
3:44,8:48,9:23,10:37
3:45,8:48,9:23,10:37
3:46,8:48,9:23,10:37
3:47,8:48,9:23,10:37
3:48,8:48,9:23,10:37
3:49,8:48,9:23,10:37
3:50,8:48,9:23,10:37
3:51,8:48,9:23,10:37
3:52,8:48,9:23,10:37
3:53,8:48,9:23,10:37
3:54,8:48,9:23,10:37
3:55,8:48,9:23,10:37
3:56,8:48,9:23,10:37
3:57,8:48,9:23,10:37
3:58,8:48,9:23,10:37
3:59,8:48,9:23,10:37
4:00,8:48,9:23,10:37
4:01,8:48,9:23,10:37
4:02,8:48,9:23,10:37
4:03,8:48,9:23,10:37
4:04,8:48,9:23,10:37
4:05,8:48,9:23,10:37
4:06,8:48,9:23,10:37
4:07,8:48,9:23,10:37
4:08,8:48,9:23,10:37
4:09,8:48,9:23,10:37
4:10,8:48,9:23,10:37
4:11,8:48,9:23,10:37
4:12,8:48,9:23,10:37
4:13,8:48,9:23,10:37
4:14,8:48,9:23,10:37
4:15,8:48,9:23,10:37
4:16,8:48,9:23,10:37
4:17,8:48,9:23,10:37
4:18,8:48,9:23,10:37
4:19,8:48,9:23,10:37
4:20,8:48,9:23,10:37
4:21,8:48,9:23,10:37
4:22,8:48,9:23,10:37
4:23,8:48,9:23,10:37
4:24,8:48,9:23,10:37
4:25,8:48,9:23,10:37
4:26,8:48,9:23,10:37
4:27,8:48,9:23,10:37
4:28,8:48,9:23,10:37
4:29,8:48,9:23,10:37
4:30,8:48,9:23,10:37
4:31,8:48,9:23,10:37
4:32,8:48,9:23,10:37
4:33,8:48,9:23,10:37
4:34,8:48,9:23,10:37
4:35,8:48,9:23,10:37
4:36,8:48,9:23,10:37
4:37,8:48,9:23,10:37
4:38,8:48,9:23,10:37
4:39,8:48,9:23,10:37
4:40,8:48,9:23,10:37
4:41,8:48,9:23,10:37
4:42,8:48,9:23,10:37
4:43,8:48,9:23,10:37
4:44,8:48,9:23,10:37
4:45,8:48,9:23,10:37
4:46,8:48,9:23,10:37
4:47,8:48,9:23,10:37
4:48,8:48,9:23,10:37
4:49,8:48,9:23,10:37
4:50,8:48,9:23,10:37
4:51,8:48,9:23,10:37
4:52,8:48,9:23,10:37
4:53,8:48,9:23,10:37
4:54,8:48,9:23,10:37
4:55,8:48,9:23,10:37
4:56,8:48,9:23,10:37
4:57,8:48,9:23,10:37
4:58,8:48,9:23,10:37
4:59,8:48,9:23,10:37
5:00,8:48,9:23,10:37
5:01,8:48,9:23,10:37
5:02,8:48,9:23,10:37
5:03,8:48,9:23,10:37
5:04,8:48,9:23,10:37
5:05,8:48,9:23,10:37
5:06,8:48,9:23,10:37
5:07,8:48,9:23,10:37
5:08,8:48,9:23,10:37
5:09,8:48,9:23,10:37
5:10,8:48,9:23,10:37
5:11,8:48,9:23,10:37
5:12,8:48,9:23,10:37
5:13,8:48,9:23,10:37
5:14,8:48,9:23,10:37
5:15,8:48,9:23,10:37
5:16,8:48,9:23,10:37
5:17,8:48,9:23,10:37
5:18,8:48,9:23,10:37
5:19,8:48,9:23,10:37
5:20,8:48,9:23,10:37
5:21,8:48,9:23,10:37
5:22,8:48,9:23,10:37
5:23,8:48,9:23,10:37
5:24,8:48,9:23,10:37
5:25,8:48,9:23,10:37
5:26,8:48,9:23,10:37
5:27,8:48,9:23,10:37
5:28,8:48,9:23,10:37
5:29,8:48,9:23,10:37
5:30,8:48,9:23,10:37
5:31,8:48,9:23,10:37
5:32,8:48,9:23,10:37
5:33,8:48,9:23,10:37
5:34,8:48,9:23,10:37
5:35,8:48,9:23,10:37
5:36,8:48,9:23,10:37
5:37,8:48,9:23,10:37
5:38,8:48,9:23,10:37
5:39,8:48,9:23,10:37
5:40,8:48,9:23,10:37
5:41,8:48,9:23,10:37
5:42,8:48,9:23,10:37
5:43,8:48,9:23,10:37
5:44,8:48,9:23,10:37
5:45,8:48,9:23,10:37
5:46,8:48,9:23,10:37
5:47,8:48,9:23,10:37
5:48,8:48,9:23,10:37
5:49,8:48,9:23,10:37
5:50,8:48,9:23,10:37
5:51,8:48,9:23,10:37
5:52,8:48,9:23,10:37
5:53,8:48,9:23,10:37
5:54,8:48,9:23,10:37
5:55,8:48,9:23,10:37
5:56,8:48,9:23,10:37
5:57,8:48,9:23,10:37
5:58,8:48,9:23,10:37
5:59,8:48,9:23,10:37
6:00,8:48,9:23,10:37
6:01,8:48,9:23,10:37
6:02,8:48,9:23,10:37
6:03,8:48,9:23,10:37
6:04,8:48,9:23,10:37
6:05,8:48,9:23,10:37
6:06,8:48,9:23,10:37
6:07,8:48,9:23,10:37
6:08,8:48,9:23,10:37
6:09,8:48,9:23,10:37
6:10,8:48,9:23,10:37
6:11,8:48,9:23,10:37
6:12,8:48,9:23,10:37
6:13,8:48,9:23,10:37
6:14,8:48,9:23,10:37
6:15,8:48,9:23,10:37
6:16,8:48,9:23,10:37
6:17,8:48,9:23,10:37
6:18,8:48,9:23,10:37
6:19,8:48,9:23,10:37
6:20,8:48,9:23,10:37
6:21,8:48,9:23,10:37
6:22,8:48,9:23,10:37
6:23,8:48,9:23,10:37
6:24,8:48,9:23,10:37
6:25,8:48,9:23,10:37
6:26,8:48,9:23,10:37
6:27,8:48,9:23,10:37
6:28,8:48,9:23,10:37
6:29,8:48,9:23,10:37
6:30,8:48,9:23,10:37
6:31,8:48,9:23,10:37
6:32,8:48,9:23,10:37
6:33,8:48,9:23,10:37
6:34,8:48,9:23,10:37
6:35,8:48,9:23,10:37
6:36,8:48,9:23,10:37
6:37,8:48,9:23,10:37
6:38,8:48,9:23,10:37
6:39,8:48,9:23,10:37
6:40,8:48,9:23,10:37
6:41,8:48,9:23,10:37
6:42,8:48,9:23,10:37
6:43,8:48,9:23,10:37
6:44,8:48,9:23,10:37
6:45,8:48,9:23,10:37
6:46,8:48,9:23,10:37
6:47,8:48,9:23,10:37
6:48,8:48,9:23,10:37
6:49,8:48,9:23,10:37
6:50,8:48,9:23,10:37
6:51,8:48,9:23,10:37
6:52,8:48,9:23,10:37
6:53,8:48,9:23,10:37
6:54,8:48,9:23,10:37
6:55,8:48,9:23,10:37
6:56,8:48,9:23,10:37
6:57,8:48,9:23,10:37
6:58,8:48,9:23,10:37
6:59,8:48,9:23,10:37
7:00,8:48,9:23,10:37
7:01,8:48,9:23,10:37
7:02,8:48,9:23,10:37
7:03,8:48,9:23,10:37
7:04,8:48,9:23,10:37
7:05,8:48,9:23,10:37
7:06,8:48,9:23,10:37
7:07,8:48,9:23,10:37
7:08,8:48,9:23,10:37
7:09,8:48,9:23,10:37
7:10,8:48,9:23,10:37
7:11,8:48,9:23,10:37
7:12,8:48,9:23,10:37
7:13,8:48,9:23,10:37
7:14,8:48,9:23,10:37
7:15,8:48,9:23,10:37
7:16,8:48,9:23,10:37
7:17,8:48,9:23,10:37
7:18,8:48,9:23,10:37
7:19,8:48,9:23,10:37
7:20,8:48,9:23,10:37
7:21,8:48,9:23,10:37
7:22,8:48,9:23,10:37
7:23,8:48,9:23,10:37
7:24,8:48,9:23,10:37
7:25,8:48,9:23,10:37
7:26,8:48,9:23,10:37
7:27,8:48,9:23,10:37
7:28,8:48,9:23,10:37
7:29,8:48,9:23,10:37
7:30,8:48,9:23,10:37
7:31,8:48,9:23,10:37
7:32,8:48,9:23,10:37
7:33,8:48,9:23,10:37
7:34,8:48,9:23,10:37
7:35,8:48,9:23,10:37
7:36,8:48,9:23,10:37
7:37,8:48,9:23,10:37
7:38,8:48,9:23,10:37
7:39,8:48,9:23,10:37
7:40,8:48,9:23,10:37
7:41,8:48,9:23,10:37
7:42,8:48,9:23,10:37
7:43,8:48,9:23,10:37
7:44,8:48,9:23,10:37
7:45,8:48,9:23,10:37
7:46,8:48,9:23,10:37
7:47,8:48,9:23,10:37
7:48,8:48,9:23,10:37
7:49,8:48,9:23,10:37
7:50,8:48,9:23,10:37
7:51,8:48,9:23,10:37
7:52,8:48,9:23,10:37
7:53,8:48,9:23,10:37
7:54,8:48,9:23,10:37
7:55,8:48,9:23,10:37
7:56,8:48,9:23,10:37
7:57,8:48,9:23,10:37
7:58,8:48,9:23,10:37
7:59,8:48,9:23,10:37
8:00,8:48,9:23,10:37
8:01,8:48,9:23,10:37
8:02,8:48,9:23,10:37
8:03,8:48,9:23,10:37
8:04,8:48,9:23,10:37
8:05,8:48,9:23,10:37
8:06,8:48,9:23,10:37
8:07,8:48,9:23,10:37
8:08,8:48,9:23,10:37
8:09,8:48,9:23,10:37
8:10,8:48,9:23,10:37
8:11,8:48,9:23,10:37
8:12,8:48,9:23,10:37
8:13,8:48,9:23,10:37
8:14,8:48,9:23,10:37
8:15,8:48,9:23,10:37
8:16,8:48,9:23,10:37
8:17,8:48,9:23,10:37
8:18,8:48,9:23,10:37
8:19,8:48,9:23,10:37
8:20,8:48,9:23,10:37
8:21,8:48,9:23,10:37
8:22,8:48,9:23,10:37
8:23,8:48,9:23,10:37
8:24,8:48,9:23,10:37
8:25,8:48,9:23,10:37
8:26,8:48,9:23,10:37
8:27,8:48,9:23,10:37
8:28,8:48,9:23,10:37
8:29,8:48,9:23,10:37
8:30,8:48,9:23,10:37
8:31,8:48,9:23,10:37
8:32,8:48,9:23,10:37
8:33,8:48,9:23,10:37
8:34,8:48,9:23,10:37
8:35,8:48,9:23,10:37
8:36,8:48,9:23,10:37
8:37,8:48,9:23,10:37
8:38,8:48,9:23,10:37
8:39,8:48,9:23,10:37
8:40,8:48,9:23,10:37
8:41,8:48,9:23,10:37
8:42,8:48,9:23,10:37
8:43,8:48,9:23,10:37
8:44,8:48,9:23,10:37
8:45,8:48,9:23,10:37
8:46,8:48,9:23,10:37
8:47,8:48,9:23,10:37
8:48,8:48,9:23,10:37
8:49,9:23,10:37,11:12
8:50,9:23,10:37,11:12
8:51,9:23,10:37,11:12
8:52,9:23,10:37,11:12
8:53,9:23,10:37,11:12
8:54,9:23,10:37,11:12
8:55,9:23,10:37,11:12
8:56,9:23,10:37,11:12
8:57,9:23,10:37,11:12
8:58,9:23,10:37,11:12
8:59,9:23,10:37,11:12
9:00,9:23,10:37,11:12
9:01,9:23,10:37,11:12
9:02,9:23,10:37,11:12
9:03,9:23,10:37,11:12
9:04,9:23,10:37,11:12
9:05,9:23,10:37,11:12
9:06,9:23,10:37,11:12
9:07,9:23,10:37,11:12
9:08,9:23,10:37,11:12
9:09,9:23,10:37,11:12
9:10,9:23,10:37,11:12
9:11,9:23,10:37,11:12
9:12,9:23,10:37,11:12
9:13,9:23,10:37,11:12
9:14,9:23,10:37,11:12
9:15,9:23,10:37,11:12
9:16,9:23,10:37,11:12
9:17,9:23,10:37,11:12
9:18,9:23,10:37,11:12
9:19,9:23,10:37,11:12
9:20,9:23,10:37,11:12
9:21,9:23,10:37,11:12
9:22,9:23,10:37,11:12
9:23,9:23,10:37,11:12
9:24,10:37,11:12,12:18
9:25,10:37,11:12,12:18
9:26,10:37,11:12,12:18
9:27,10:37,11:12,12:18
9:28,10:37,11:12,12:18
9:29,10:37,11:12,12:18
9:30,10:37,11:12,12:18
9:31,10:37,11:12,12:18
9:32,10:37,11:12,12:18
9:33,10:37,11:12,12:18
9:34,10:37,11:12,12:18
9:35,10:37,11:12,12:18
9:36,10:37,11:12,12:18
9:37,10:37,11:12,12:18
9:38,10:37,11:12,12:18
9:39,10:37,11:12,12:18
9:40,10:37,11:12,12:18
9:41,10:37,11:12,12:18
9:42,10:37,11:12,12:18
9:43,10:37,11:12,12:18
9:44,10:37,11:12,12:18
9:45,10:37,11:12,12:18
9:46,10:37,11:12,12:18
9:47,10:37,11:12,12:18
9:48,10:37,11:12,12:18
9:49,10:37,11:12,12:18
9:50,10:37,11:12,12:18
9:51,10:37,11:12,12:18
9:52,10:37,11:12,12:18
9:53,10:37,11:12,12:18
9:54,10:37,11:12,12:18
9:55,10:37,11:12,12:18
9:56,10:37,11:12,12:18
9:57,10:37,11:12,12:18
9:58,10:37,11:12,12:18
9:59,10:37,11:12,12:18
10:00,10:37,11:12,12:18
10:01,10:37,11:12,12:18
10:02,10:37,11:12,12:18
10:03,10:37,11:12,12:18
10:04,10:37,11:12,12:18
10:05,10:37,11:12,12:18
10:06,10:37,11:12,12:18
10:07,10:37,11:12,12:18
10:08,10:37,11:12,12:18
10:09,10:37,11:12,12:18
10:10,10:37,11:12,12:18
10:11,10:37,11:12,12:18
10:12,10:37,11:12,12:18
10:13,10:37,11:12,12:18
10:14,10:37,11:12,12:18
10:15,10:37,11:12,12:18
10:16,10:37,11:12,12:18
10:17,10:37,11:12,12:18
10:18,10:37,11:12,12:18
10:19,10:37,11:12,12:18
10:20,10:37,11:12,12:18
10:21,10:37,11:12,12:18
10:22,10:37,11:12,12:18
10:23,10:37,11:12,12:18
10:24,10:37,11:12,12:18
10:25,10:37,11:12,12:18
10:26,10:37,11:12,12:18
10:27,10:37,11:12,12:18
10:28,10:37,11:12,12:18
10:29,10:37,11:12,12:18
10:30,10:37,11:12,12:18
10:31,10:37,11:12,12:18
10:32,10:37,11:12,12:18
10:33,10:37,11:12,12:18
10:34,10:37,11:12,12:18
10:35,10:37,11:12,12:18
10:36,10:37,11:12,12:18
10:37,10:37,11:12,12:18
10:38,11:12,12:18,13:18
10:39,11:12,12:18,13:18
10:40,11:12,12:18,13:18
10:41,11:12,12:18,13:18
10:42,11:12,12:18,13:18
10:43,11:12,12:18,13:18
10:44,11:12,12:18,13:18
10:45,11:12,12:18,13:18
10:46,11:12,12:18,13:18
10:47,11:12,12:18,13:18
10:48,11:12,12:18,13:18
10:49,11:12,12:18,13:18
10:50,11:12,12:18,13:18
10:51,11:12,12:18,13:18
10:52,11:12,12:18,13:18
10:53,11:12,12:18,13:18
10:54,11:12,12:18,13:18
10:55,11:12,12:18,13:18
10:56,11:12,12:18,13:18
10:57,11:12,12:18,13:18
10:58,11:12,12:18,13:18
10:59,11:12,12:18,13:18
11:00,11:12,12:18,13:18
11:01,11:12,12:18,13:18
11:02,11:12,12:18,13:18
11:03,11:12,12:18,13:18
11:04,11:12,12:18,13:18
11:05,11:12,12:18,13:18
11:06,11:12,12:18,13:18
11:07,11:12,12:18,13:18
11:08,11:12,12:18,13:18
11:09,11:12,12:18,13:18
11:10,11:12,12:18,13:18
11:11,11:12,12:18,13:18
11:12,11:12,12:18,13:18
11:13,12:18,13:18,14:18
11:14,12:18,13:18,14:18
11:15,12:18,13:18,14:18
11:16,12:18,13:18,14:18
11:17,12:18,13:18,14:18
11:18,12:18,13:18,14:18
11:19,12:18,13:18,14:18
11:20,12:18,13:18,14:18
11:21,12:18,13:18,14:18
11:22,12:18,13:18,14:18
11:23,12:18,13:18,14:18
11:24,12:18,13:18,14:18
11:25,12:18,13:18,14:18
11:26,12:18,13:18,14:18
11:27,12:18,13:18,14:18
11:28,12:18,13:18,14:18
11:29,12:18,13:18,14:18
11:30,12:18,13:18,14:18
11:31,12:18,13:18,14:18
11:32,12:18,13:18,14:18
11:33,12:18,13:18,14:18
11:34,12:18,13:18,14:18
11:35,12:18,13:18,14:18
11:36,12:18,13:18,14:18
11:37,12:18,13:18,14:18
11:38,12:18,13:18,14:18
11:39,12:18,13:18,14:18
11:40,12:18,13:18,14:18
11:41,12:18,13:18,14:18
11:42,12:18,13:18,14:18
11:43,12:18,13:18,14:18
11:44,12:18,13:18,14:18
11:45,12:18,13:18,14:18
11:46,12:18,13:18,14:18
11:47,12:18,13:18,14:18
11:48,12:18,13:18,14:18
11:49,12:18,13:18,14:18
11:50,12:18,13:18,14:18
11:51,12:18,13:18,14:18
11:52,12:18,13:18,14:18
11:53,12:18,13:18,14:18
11:54,12:18,13:18,14:18
11:55,12:18,13:18,14:18
11:56,12:18,13:18,14:18
11:57,12:18,13:18,14:18
11:58,12:18,13:18,14:18
11:59,12:18,13:18,14:18
12:00,12:18,13:18,14:18
12:01,12:18,13:18,14:18
12:02,12:18,13:18,14:18
12:03,12:18,13:18,14:18
12:04,12:18,13:18,14:18
12:05,12:18,13:18,14:18
12:06,12:18,13:18,14:18
12:07,12:18,13:18,14:18
12:08,12:18,13:18,14:18
12:09,12:18,13:18,14:18
12:10,12:18,13:18,14:18
12:11,12:18,13:18,14:18
12:12,12:18,13:18,14:18
12:13,12:18,13:18,14:18
12:14,12:18,13:18,14:18
12:15,12:18,13:18,14:18
12:16,12:18,13:18,14:18
12:17,12:18,13:18,14:18
12:18,12:18,13:18,14:18
12:19,13:18,14:18,15:18
12:20,13:18,14:18,15:18
12:21,13:18,14:18,15:18
12:22,13:18,14:18,15:18
12:23,13:18,14:18,15:18
12:24,13:18,14:18,15:18
12:25,13:18,14:18,15:18
12:26,13:18,14:18,15:18
12:27,13:18,14:18,15:18
12:28,13:18,14:18,15:18
12:29,13:18,14:18,15:18
12:30,13:18,14:18,15:18
12:31,13:18,14:18,15:18
12:32,13:18,14:18,15:18
12:33,13:18,14:18,15:18
12:34,13:18,14:18,15:18
12:35,13:18,14:18,15:18
12:36,13:18,14:18,15:18
12:37,13:18,14:18,15:18
12:38,13:18,14:18,15:18
12:39,13:18,14:18,15:18
12:40,13:18,14:18,15:18
12:41,13:18,14:18,15:18
12:42,13:18,14:18,15:18
12:43,13:18,14:18,15:18
12:44,13:18,14:18,15:18
12:45,13:18,14:18,15:18
12:46,13:18,14:18,15:18
12:47,13:18,14:18,15:18
12:48,13:18,14:18,15:18
12:49,13:18,14:18,15:18
12:50,13:18,14:18,15:18
12:51,13:18,14:18,15:18
12:52,13:18,14:18,15:18
12:53,13:18,14:18,15:18
12:54,13:18,14:18,15:18
12:55,13:18,14:18,15:18
12:56,13:18,14:18,15:18
12:57,13:18,14:18,15:18
12:58,13:18,14:18,15:18
12:59,13:18,14:18,15:18
13:00,13:18,14:18,15:18
13:01,13:18,14:18,15:18
13:02,13:18,14:18,15:18
13:03,13:18,14:18,15:18
13:04,13:18,14:18,15:18
13:05,13:18,14:18,15:18
13:06,13:18,14:18,15:18
13:07,13:18,14:18,15:18
13:08,13:18,14:18,15:18
13:09,13:18,14:18,15:18
13:10,13:18,14:18,15:18
13:11,13:18,14:18,15:18
13:12,13:18,14:18,15:18
13:13,13:18,14:18,15:18
13:14,13:18,14:18,15:18
13:15,13:18,14:18,15:18
13:16,13:18,14:18,15:18
13:17,13:18,14:18,15:18
13:18,13:18,14:18,15:18
13:19,14:18,15:18,16:13
13:20,14:18,15:18,16:13
13:21,14:18,15:18,16:13
13:22,14:18,15:18,16:13
13:23,14:18,15:18,16:13
13:24,14:18,15:18,16:13
13:25,14:18,15:18,16:13
13:26,14:18,15:18,16:13
13:27,14:18,15:18,16:13
13:28,14:18,15:18,16:13
13:29,14:18,15:18,16:13
13:30,14:18,15:18,16:13
13:31,14:18,15:18,16:13
13:32,14:18,15:18,16:13
13:33,14:18,15:18,16:13
13:34,14:18,15:18,16:13
13:35,14:18,15:18,16:13
13:36,14:18,15:18,16:13
13:37,14:18,15:18,16:13
13:38,14:18,15:18,16:13
13:39,14:18,15:18,16:13
13:40,14:18,15:18,16:13
13:41,14:18,15:18,16:13
13:42,14:18,15:18,16:13
13:43,14:18,15:18,16:13
13:44,14:18,15:18,16:13
13:45,14:18,15:18,16:13
13:46,14:18,15:18,16:13
13:47,14:18,15:18,16:13
13:48,14:18,15:18,16:13
13:49,14:18,15:18,16:13
13:50,14:18,15:18,16:13
13:51,14:18,15:18,16:13
13:52,14:18,15:18,16:13
13:53,14:18,15:18,16:13
13:54,14:18,15:18,16:13
13:55,14:18,15:18,16:13
13:56,14:18,15:18,16:13
13:57,14:18,15:18,16:13
13:58,14:18,15:18,16:13
13:59,14:18,15:18,16:13
14:00,14:18,15:18,16:13
14:01,14:18,15:18,16:13
14:02,14:18,15:18,16:13
14:03,14:18,15:18,16:13
14:04,14:18,15:18,16:13
14:05,14:18,15:18,16:13
14:06,14:18,15:18,16:13
14:07,14:18,15:18,16:13
14:08,14:18,15:18,16:13
14:09,14:18,15:18,16:13
14:10,14:18,15:18,16:13
14:11,14:18,15:18,16:13
14:12,14:18,15:18,16:13
14:13,14:18,15:18,16:13
14:14,14:18,15:18,16:13
14:15,14:18,15:18,16:13
14:16,14:18,15:18,16:13
14:17,14:18,15:18,16:13
14:18,14:18,15:18,16:13
14:19,15:18,16:13,これ以降の運行時刻はありません。
14:20,15:18,16:13,これ以降の運行時刻はありません。
14:21,15:18,16:13,これ以降の運行時刻はありません。
14:22,15:18,16:13,これ以降の運行時刻はありません。
14:23,15:18,16:13,これ以降の運行時刻はありません。
14:24,15:18,16:13,これ以降の運行時刻はありません。
14:25,15:18,16:13,これ以降の運行時刻はありません。
14:26,15:18,16:13,これ以降の運行時刻はありません。
14:27,15:18,16:13,これ以降の運行時刻はありません。
14:28,15:18,16:13,これ以降の運行時刻はありません。
14:29,15:18,16:13,これ以降の運行時刻はありません。
14:30,15:18,16:13,これ以降の運行時刻はありません。
14:31,15:18,16:13,これ以降の運行時刻はありません。
14:32,15:18,16:13,これ以降の運行時刻はありません。
14:33,15:18,16:13,これ以降の運行時刻はありません。
14:34,15:18,16:13,これ以降の運行時刻はありません。
14:35,15:18,16:13,これ以降の運行時刻はありません。
14:36,15:18,16:13,これ以降の運行時刻はありません。
14:37,15:18,16:13,これ以降の運行時刻はありません。
14:38,15:18,16:13,これ以降の運行時刻はありません。
14:39,15:18,16:13,これ以降の運行時刻はありません。
14:40,15:18,16:13,これ以降の運行時刻はありません。
14:41,15:18,16:13,これ以降の運行時刻はありません。
14:42,15:18,16:13,これ以降の運行時刻はありません。
14:43,15:18,16:13,これ以降の運行時刻はありません。
14:44,15:18,16:13,これ以降の運行時刻はありません。
14:45,15:18,16:13,これ以降の運行時刻はありません。
14:46,15:18,16:13,これ以降の運行時刻はありません。
14:47,15:18,16:13,これ以降の運行時刻はありません。
14:48,15:18,16:13,これ以降の運行時刻はありません。
14:49,15:18,16:13,これ以降の運行時刻はありません。
14:50,15:18,16:13,これ以降の運行時刻はありません。
14:51,15:18,16:13,これ以降の運行時刻はありません。
14:52,15:18,16:13,これ以降の運行時刻はありません。
14:53,15:18,16:13,これ以降の運行時刻はありません。
14:54,15:18,16:13,これ以降の運行時刻はありません。
14:55,15:18,16:13,これ以降の運行時刻はありません。
14:56,15:18,16:13,これ以降の運行時刻はありません。
14:57,15:18,16:13,これ以降の運行時刻はありません。
14:58,15:18,16:13,これ以降の運行時刻はありません。
14:59,15:18,16:13,これ以降の運行時刻はありません。
15:00,15:18,16:13,これ以降の運行時刻はありません。
15:01,15:18,16:13,これ以降の運行時刻はありません。
15:02,15:18,16:13,これ以降の運行時刻はありません。
15:03,15:18,16:13,これ以降の運行時刻はありません。
15:04,15:18,16:13,これ以降の運行時刻はありません。
15:05,15:18,16:13,これ以降の運行時刻はありません。
15:06,15:18,16:13,これ以降の運行時刻はありません。
15:07,15:18,16:13,これ以降の運行時刻はありません。
15:08,15:18,16:13,これ以降の運行時刻はありません。
15:09,15:18,16:13,これ以降の運行時刻はありません。
15:10,15:18,16:13,これ以降の運行時刻はありません。
15:11,15:18,16:13,これ以降の運行時刻はありません。
15:12,15:18,16:13,これ以降の運行時刻はありません。
15:13,15:18,16:13,これ以降の運行時刻はありません。
15:14,15:18,16:13,これ以降の運行時刻はありません。
15:15,15:18,16:13,これ以降の運行時刻はありません。
15:16,15:18,16:13,これ以降の運行時刻はありません。
15:17,15:18,16:13,これ以降の運行時刻はありません。
15:18,15:18,16:13,これ以降の運行時刻はありません。
15:19,16:13,これ以降の運行時刻はありません。,
15:20,16:13,これ以降の運行時刻はありません。,
15:21,16:13,これ以降の運行時刻はありません。,
15:22,16:13,これ以降の運行時刻はありません。,
15:23,16:13,これ以降の運行時刻はありません。,
15:24,16:13,これ以降の運行時刻はありません。,
15:25,16:13,これ以降の運行時刻はありません。,
15:26,16:13,これ以降の運行時刻はありません。,
15:27,16:13,これ以降の運行時刻はありません。,
15:28,16:13,これ以降の運行時刻はありません。,
15:29,16:13,これ以降の運行時刻はありません。,
15:30,16:13,これ以降の運行時刻はありません。,
15:31,16:13,これ以降の運行時刻はありません。,
15:32,16:13,これ以降の運行時刻はありません。,
15:33,16:13,これ以降の運行時刻はありません。,
15:34,16:13,これ以降の運行時刻はありません。,
15:35,16:13,これ以降の運行時刻はありません。,
15:36,16:13,これ以降の運行時刻はありません。,
15:37,16:13,これ以降の運行時刻はありません。,
15:38,16:13,これ以降の運行時刻はありません。,
15:39,16:13,これ以降の運行時刻はありません。,
15:40,16:13,これ以降の運行時刻はありません。,
15:41,16:13,これ以降の運行時刻はありません。,
15:42,16:13,これ以降の運行時刻はありません。,
15:43,16:13,これ以降の運行時刻はありません。,
15:44,16:13,これ以降の運行時刻はありません。,
15:45,16:13,これ以降の運行時刻はありません。,
15:46,16:13,これ以降の運行時刻はありません。,
15:47,16:13,これ以降の運行時刻はありません。,
15:48,16:13,これ以降の運行時刻はありません。,
15:49,16:13,これ以降の運行時刻はありません。,
15:50,16:13,これ以降の運行時刻はありません。,
15:51,16:13,これ以降の運行時刻はありません。,
15:52,16:13,これ以降の運行時刻はありません。,
15:53,16:13,これ以降の運行時刻はありません。,
15:54,16:13,これ以降の運行時刻はありません。,
15:55,16:13,これ以降の運行時刻はありません。,
15:56,16:13,これ以降の運行時刻はありません。,
15:57,16:13,これ以降の運行時刻はありません。,
15:58,16:13,これ以降の運行時刻はありません。,
15:59,16:13,これ以降の運行時刻はありません。,
16:00,16:13,これ以降の運行時刻はありません。,
16:01,16:13,これ以降の運行時刻はありません。,
16:02,16:13,これ以降の運行時刻はありません。,
16:03,16:13,これ以降の運行時刻はありません。,
16:04,16:13,これ以降の運行時刻はありません。,
16:05,16:13,これ以降の運行時刻はありません。,
16:06,16:13,これ以降の運行時刻はありません。,
16:07,16:13,これ以降の運行時刻はありません。,
16:08,16:13,これ以降の運行時刻はありません。,
16:09,16:13,これ以降の運行時刻はありません。,
16:10,16:13,これ以降の運行時刻はありません。,
16:11,16:13,これ以降の運行時刻はありません。,
16:12,16:13,これ以降の運行時刻はありません。,
16:13,16:13,これ以降の運行時刻はありません。,
16:14,本日の運行は終了しました。,　　,
16:15,本日の運行は終了しました。,　　,
16:16,本日の運行は終了しました。,　　,
16:17,本日の運行は終了しました。,　　,
16:18,本日の運行は終了しました。,　　,
16:19,本日の運行は終了しました。,　　,
16:20,本日の運行は終了しました。,　　,
16:21,本日の運行は終了しました。,　　,
16:22,本日の運行は終了しました。,　　,
16:23,本日の運行は終了しました。,　　,
16:24,本日の運行は終了しました。,　　,
16:25,本日の運行は終了しました。,　　,
16:26,本日の運行は終了しました。,　　,
16:27,本日の運行は終了しました。,　　,
16:28,本日の運行は終了しました。,　　,
16:29,本日の運行は終了しました。,　　,
16:30,本日の運行は終了しました。,　　,
16:31,本日の運行は終了しました。,　　,
16:32,本日の運行は終了しました。,　　,
16:33,本日の運行は終了しました。,　　,
16:34,本日の運行は終了しました。,　　,
16:35,本日の運行は終了しました。,　　,
16:36,本日の運行は終了しました。,　　,
16:37,本日の運行は終了しました。,　　,
16:38,本日の運行は終了しました。,　　,
16:39,本日の運行は終了しました。,　　,
16:40,本日の運行は終了しました。,　　,
16:41,本日の運行は終了しました。,　　,
16:42,本日の運行は終了しました。,　　,
16:43,本日の運行は終了しました。,　　,
16:44,本日の運行は終了しました。,　　,
16:45,本日の運行は終了しました。,　　,
16:46,本日の運行は終了しました。,　　,
16:47,本日の運行は終了しました。,　　,
16:48,本日の運行は終了しました。,　　,
16:49,本日の運行は終了しました。,　　,
16:50,本日の運行は終了しました。,　　,
16:51,本日の運行は終了しました。,　　,
16:52,本日の運行は終了しました。,　　,
16:53,本日の運行は終了しました。,　　,
16:54,本日の運行は終了しました。,　　,
16:55,本日の運行は終了しました。,　　,
16:56,本日の運行は終了しました。,　　,
16:57,本日の運行は終了しました。,　　,
16:58,本日の運行は終了しました。,　　,
16:59,本日の運行は終了しました。,　　,
17:00,本日の運行は終了しました。,　　,
17:01,本日の運行は終了しました。,　　,
17:02,本日の運行は終了しました。,　　,
17:03,本日の運行は終了しました。,　　,
17:04,本日の運行は終了しました。,　　,
17:05,本日の運行は終了しました。,　　,
17:06,本日の運行は終了しました。,　　,
17:07,本日の運行は終了しました。,　　,
17:08,本日の運行は終了しました。,　　,
17:09,本日の運行は終了しました。,　　,
17:10,本日の運行は終了しました。,　　,
17:11,本日の運行は終了しました。,　　,
17:12,本日の運行は終了しました。,　　,
17:13,本日の運行は終了しました。,　　,
17:14,本日の運行は終了しました。,　　,
17:15,本日の運行は終了しました。,　　,
17:16,本日の運行は終了しました。,　　,
17:17,本日の運行は終了しました。,　　,
17:18,本日の運行は終了しました。,　　,
17:19,本日の運行は終了しました。,　　,
17:20,本日の運行は終了しました。,　　,
17:21,本日の運行は終了しました。,　　,
17:22,本日の運行は終了しました。,　　,
17:23,本日の運行は終了しました。,　　,
17:24,本日の運行は終了しました。,　　,
17:25,本日の運行は終了しました。,　　,
17:26,本日の運行は終了しました。,　　,
17:27,本日の運行は終了しました。,　　,
17:28,本日の運行は終了しました。,　　,
17:29,本日の運行は終了しました。,　　,
17:30,本日の運行は終了しました。,　　,
17:31,本日の運行は終了しました。,　　,
17:32,本日の運行は終了しました。,　　,
17:33,本日の運行は終了しました。,　　,
17:34,本日の運行は終了しました。,　　,
17:35,本日の運行は終了しました。,　　,
17:36,本日の運行は終了しました。,　　,
17:37,本日の運行は終了しました。,　　,
17:38,本日の運行は終了しました。,　　,
17:39,本日の運行は終了しました。,　　,
17:40,本日の運行は終了しました。,　　,
17:41,本日の運行は終了しました。,　　,
17:42,本日の運行は終了しました。,　　,
17:43,本日の運行は終了しました。,　　,
17:44,本日の運行は終了しました。,　　,
17:45,本日の運行は終了しました。,　　,
17:46,本日の運行は終了しました。,　　,
17:47,本日の運行は終了しました。,　　,
17:48,本日の運行は終了しました。,　　,
17:49,本日の運行は終了しました。,　　,
17:50,本日の運行は終了しました。,　　,
17:51,本日の運行は終了しました。,　　,
17:52,本日の運行は終了しました。,　　,
17:53,本日の運行は終了しました。,　　,
17:54,本日の運行は終了しました。,　　,
17:55,本日の運行は終了しました。,　　,
17:56,本日の運行は終了しました。,　　,
17:57,本日の運行は終了しました。,　　,
17:58,本日の運行は終了しました。,　　,
17:59,本日の運行は終了しました。,　　,
18:00,本日の運行は終了しました。,　　,
18:01,本日の運行は終了しました。,　　,
18:02,本日の運行は終了しました。,　　,
18:03,本日の運行は終了しました。,　　,
18:04,本日の運行は終了しました。,　　,
18:05,本日の運行は終了しました。,　　,
18:06,本日の運行は終了しました。,　　,
18:07,本日の運行は終了しました。,　　,
18:08,本日の運行は終了しました。,　　,
18:09,本日の運行は終了しました。,　　,
18:10,本日の運行は終了しました。,　　,
18:11,本日の運行は終了しました。,　　,
18:12,本日の運行は終了しました。,　　,
18:13,本日の運行は終了しました。,　　,
18:14,本日の運行は終了しました。,　　,
18:15,本日の運行は終了しました。,　　,
18:16,本日の運行は終了しました。,　　,
18:17,本日の運行は終了しました。,　　,
18:18,本日の運行は終了しました。,　　,
18:19,本日の運行は終了しました。,　　,
18:20,本日の運行は終了しました。,　　,
18:21,本日の運行は終了しました。,　　,
18:22,本日の運行は終了しました。,　　,
18:23,本日の運行は終了しました。,　　,
18:24,本日の運行は終了しました。,　　,
18:25,本日の運行は終了しました。,　　,
18:26,本日の運行は終了しました。,　　,
18:27,本日の運行は終了しました。,　　,
18:28,本日の運行は終了しました。,　　,
18:29,本日の運行は終了しました。,　　,
18:30,本日の運行は終了しました。,　　,
18:31,本日の運行は終了しました。,　　,
18:32,本日の運行は終了しました。,　　,
18:33,本日の運行は終了しました。,　　,
18:34,本日の運行は終了しました。,　　,
18:35,本日の運行は終了しました。,　　,
18:36,本日の運行は終了しました。,　　,
18:37,本日の運行は終了しました。,　　,
18:38,本日の運行は終了しました。,　　,
18:39,本日の運行は終了しました。,　　,
18:40,本日の運行は終了しました。,　　,
18:41,本日の運行は終了しました。,　　,
18:42,本日の運行は終了しました。,　　,
18:43,本日の運行は終了しました。,　　,
18:44,本日の運行は終了しました。,　　,
18:45,本日の運行は終了しました。,　　,
18:46,本日の運行は終了しました。,　　,
18:47,本日の運行は終了しました。,　　,
18:48,本日の運行は終了しました。,　　,
18:49,本日の運行は終了しました。,　　,
18:50,本日の運行は終了しました。,　　,
18:51,本日の運行は終了しました。,　　,
18:52,本日の運行は終了しました。,　　,
18:53,本日の運行は終了しました。,　　,
18:54,本日の運行は終了しました。,　　,
18:55,本日の運行は終了しました。,　　,
18:56,本日の運行は終了しました。,　　,
18:57,本日の運行は終了しました。,　　,
18:58,本日の運行は終了しました。,　　,
18:59,本日の運行は終了しました。,　　,
19:00,本日の運行は終了しました。,　　,
19:01,本日の運行は終了しました。,　　,
19:02,本日の運行は終了しました。,　　,
19:03,本日の運行は終了しました。,　　,
19:04,本日の運行は終了しました。,　　,
19:05,本日の運行は終了しました。,　　,
19:06,本日の運行は終了しました。,　　,
19:07,本日の運行は終了しました。,　　,
19:08,本日の運行は終了しました。,　　,
19:09,本日の運行は終了しました。,　　,
19:10,本日の運行は終了しました。,　　,
19:11,本日の運行は終了しました。,　　,
19:12,本日の運行は終了しました。,　　,
19:13,本日の運行は終了しました。,　　,
19:14,本日の運行は終了しました。,　　,
19:15,本日の運行は終了しました。,　　,
19:16,本日の運行は終了しました。,　　,
19:17,本日の運行は終了しました。,　　,
19:18,本日の運行は終了しました。,　　,
19:19,本日の運行は終了しました。,　　,
19:20,本日の運行は終了しました。,　　,
19:21,本日の運行は終了しました。,　　,
19:22,本日の運行は終了しました。,　　,
19:23,本日の運行は終了しました。,　　,
19:24,本日の運行は終了しました。,　　,
19:25,本日の運行は終了しました。,　　,
19:26,本日の運行は終了しました。,　　,
19:27,本日の運行は終了しました。,　　,
19:28,本日の運行は終了しました。,　　,
19:29,本日の運行は終了しました。,　　,
19:30,本日の運行は終了しました。,　　,
19:31,本日の運行は終了しました。,　　,
19:32,本日の運行は終了しました。,　　,
19:33,本日の運行は終了しました。,　　,
19:34,本日の運行は終了しました。,　　,
19:35,本日の運行は終了しました。,　　,
19:36,本日の運行は終了しました。,　　,
19:37,本日の運行は終了しました。,　　,
19:38,本日の運行は終了しました。,　　,
19:39,本日の運行は終了しました。,　　,
19:40,本日の運行は終了しました。,　　,
19:41,本日の運行は終了しました。,　　,
19:42,本日の運行は終了しました。,　　,
19:43,本日の運行は終了しました。,　　,
19:44,本日の運行は終了しました。,　　,
19:45,本日の運行は終了しました。,　　,
19:46,本日の運行は終了しました。,　　,
19:47,本日の運行は終了しました。,　　,
19:48,本日の運行は終了しました。,　　,
19:49,本日の運行は終了しました。,　　,
19:50,本日の運行は終了しました。,　　,
19:51,本日の運行は終了しました。,　　,
19:52,本日の運行は終了しました。,　　,
19:53,本日の運行は終了しました。,　　,
19:54,本日の運行は終了しました。,　　,
19:55,本日の運行は終了しました。,　　,
19:56,本日の運行は終了しました。,　　,
19:57,本日の運行は終了しました。,　　,
19:58,本日の運行は終了しました。,　　,
19:59,本日の運行は終了しました。,　　,
20:00,本日の運行は終了しました。,　　,
20:01,本日の運行は終了しました。,　　,
20:02,本日の運行は終了しました。,　　,
20:03,本日の運行は終了しました。,　　,
20:04,本日の運行は終了しました。,　　,
20:05,本日の運行は終了しました。,　　,
20:06,本日の運行は終了しました。,　　,
20:07,本日の運行は終了しました。,　　,
20:08,本日の運行は終了しました。,　　,
20:09,本日の運行は終了しました。,　　,
20:10,本日の運行は終了しました。,　　,
20:11,本日の運行は終了しました。,　　,
20:12,本日の運行は終了しました。,　　,
20:13,本日の運行は終了しました。,　　,
20:14,本日の運行は終了しました。,　　,
20:15,本日の運行は終了しました。,　　,
20:16,本日の運行は終了しました。,　　,
20:17,本日の運行は終了しました。,　　,
20:18,本日の運行は終了しました。,　　,
20:19,本日の運行は終了しました。,　　,
20:20,本日の運行は終了しました。,　　,
20:21,本日の運行は終了しました。,　　,
20:22,本日の運行は終了しました。,　　,
20:23,本日の運行は終了しました。,　　,
20:24,本日の運行は終了しました。,　　,
20:25,本日の運行は終了しました。,　　,
20:26,本日の運行は終了しました。,　　,
20:27,本日の運行は終了しました。,　　,
20:28,本日の運行は終了しました。,　　,
20:29,本日の運行は終了しました。,　　,
20:30,本日の運行は終了しました。,　　,
20:31,本日の運行は終了しました。,　　,
20:32,本日の運行は終了しました。,　　,
20:33,本日の運行は終了しました。,　　,
20:34,本日の運行は終了しました。,　　,
20:35,本日の運行は終了しました。,　　,
20:36,本日の運行は終了しました。,　　,
20:37,本日の運行は終了しました。,　　,
20:38,本日の運行は終了しました。,　　,
20:39,本日の運行は終了しました。,　　,
20:40,本日の運行は終了しました。,　　,
20:41,本日の運行は終了しました。,　　,
20:42,本日の運行は終了しました。,　　,
20:43,本日の運行は終了しました。,　　,
20:44,本日の運行は終了しました。,　　,
20:45,本日の運行は終了しました。,　　,
20:46,本日の運行は終了しました。,　　,
20:47,本日の運行は終了しました。,　　,
20:48,本日の運行は終了しました。,　　,
20:49,本日の運行は終了しました。,　　,
20:50,本日の運行は終了しました。,　　,
20:51,本日の運行は終了しました。,　　,
20:52,本日の運行は終了しました。,　　,
20:53,本日の運行は終了しました。,　　,
20:54,本日の運行は終了しました。,　　,
20:55,本日の運行は終了しました。,　　,
20:56,本日の運行は終了しました。,　　,
20:57,本日の運行は終了しました。,　　,
20:58,本日の運行は終了しました。,　　,
20:59,本日の運行は終了しました。,　　,
21:00,本日の運行は終了しました。,　　,
21:01,本日の運行は終了しました。,　　,
21:02,本日の運行は終了しました。,　　,
21:03,本日の運行は終了しました。,　　,
21:04,本日の運行は終了しました。,　　,
21:05,本日の運行は終了しました。,　　,
21:06,本日の運行は終了しました。,　　,
21:07,本日の運行は終了しました。,　　,
21:08,本日の運行は終了しました。,　　,
21:09,本日の運行は終了しました。,　　,
21:10,本日の運行は終了しました。,　　,
21:11,本日の運行は終了しました。,　　,
21:12,本日の運行は終了しました。,　　,
21:13,本日の運行は終了しました。,　　,
21:14,本日の運行は終了しました。,　　,
21:15,本日の運行は終了しました。,　　,
21:16,本日の運行は終了しました。,　　,
21:17,本日の運行は終了しました。,　　,
21:18,本日の運行は終了しました。,　　,
21:19,本日の運行は終了しました。,　　,
21:20,本日の運行は終了しました。,　　,
21:21,本日の運行は終了しました。,　　,
21:22,本日の運行は終了しました。,　　,
21:23,本日の運行は終了しました。,　　,
21:24,本日の運行は終了しました。,　　,
21:25,本日の運行は終了しました。,　　,
21:26,本日の運行は終了しました。,　　,
21:27,本日の運行は終了しました。,　　,
21:28,本日の運行は終了しました。,　　,
21:29,本日の運行は終了しました。,　　,
21:30,本日の運行は終了しました。,　　,
21:31,本日の運行は終了しました。,　　,
21:32,本日の運行は終了しました。,　　,
21:33,本日の運行は終了しました。,　　,
21:34,本日の運行は終了しました。,　　,
21:35,本日の運行は終了しました。,　　,
21:36,本日の運行は終了しました。,　　,
21:37,本日の運行は終了しました。,　　,
21:38,本日の運行は終了しました。,　　,
21:39,本日の運行は終了しました。,　　,
21:40,本日の運行は終了しました。,　　,
21:41,本日の運行は終了しました。,　　,
21:42,本日の運行は終了しました。,　　,
21:43,本日の運行は終了しました。,　　,
21:44,本日の運行は終了しました。,　　,
21:45,本日の運行は終了しました。,　　,
21:46,本日の運行は終了しました。,　　,
21:47,本日の運行は終了しました。,　　,
21:48,本日の運行は終了しました。,　　,
21:49,本日の運行は終了しました。,　　,
21:50,本日の運行は終了しました。,　　,
21:51,本日の運行は終了しました。,　　,
21:52,本日の運行は終了しました。,　　,
21:53,本日の運行は終了しました。,　　,
21:54,本日の運行は終了しました。,　　,
21:55,本日の運行は終了しました。,　　,
21:56,本日の運行は終了しました。,　　,
21:57,本日の運行は終了しました。,　　,
21:58,本日の運行は終了しました。,　　,
21:59,本日の運行は終了しました。,　　,
22:00,本日の運行は終了しました。,　　,
22:01,本日の運行は終了しました。,　　,
22:02,本日の運行は終了しました。,　　,
22:03,本日の運行は終了しました。,　　,
22:04,本日の運行は終了しました。,　　,
22:05,本日の運行は終了しました。,　　,
22:06,本日の運行は終了しました。,　　,
22:07,本日の運行は終了しました。,　　,
22:08,本日の運行は終了しました。,　　,
22:09,本日の運行は終了しました。,　　,
22:10,本日の運行は終了しました。,　　,
22:11,本日の運行は終了しました。,　　,
22:12,本日の運行は終了しました。,　　,
22:13,本日の運行は終了しました。,　　,
22:14,本日の運行は終了しました。,　　,
22:15,本日の運行は終了しました。,　　,
22:16,本日の運行は終了しました。,　　,
22:17,本日の運行は終了しました。,　　,
22:18,本日の運行は終了しました。,　　,
22:19,本日の運行は終了しました。,　　,
22:20,本日の運行は終了しました。,　　,
22:21,本日の運行は終了しました。,　　,
22:22,本日の運行は終了しました。,　　,
22:23,本日の運行は終了しました。,　　,
22:24,本日の運行は終了しました。,　　,
22:25,本日の運行は終了しました。,　　,
22:26,本日の運行は終了しました。,　　,
22:27,本日の運行は終了しました。,　　,
22:28,本日の運行は終了しました。,　　,
22:29,本日の運行は終了しました。,　　,
22:30,本日の運行は終了しました。,　　,
22:31,本日の運行は終了しました。,　　,
22:32,本日の運行は終了しました。,　　,
22:33,本日の運行は終了しました。,　　,
22:34,本日の運行は終了しました。,　　,
22:35,本日の運行は終了しました。,　　,
22:36,本日の運行は終了しました。,　　,
22:37,本日の運行は終了しました。,　　,
22:38,本日の運行は終了しました。,　　,
22:39,本日の運行は終了しました。,　　,
22:40,本日の運行は終了しました。,　　,
22:41,本日の運行は終了しました。,　　,
22:42,本日の運行は終了しました。,　　,
22:43,本日の運行は終了しました。,　　,
22:44,本日の運行は終了しました。,　　,
22:45,本日の運行は終了しました。,　　,
22:46,本日の運行は終了しました。,　　,
22:47,本日の運行は終了しました。,　　,
22:48,本日の運行は終了しました。,　　,
22:49,本日の運行は終了しました。,　　,
22:50,本日の運行は終了しました。,　　,
22:51,本日の運行は終了しました。,　　,
22:52,本日の運行は終了しました。,　　,
22:53,本日の運行は終了しました。,　　,
22:54,本日の運行は終了しました。,　　,
22:55,本日の運行は終了しました。,　　,
22:56,本日の運行は終了しました。,　　,
22:57,本日の運行は終了しました。,　　,
22:58,本日の運行は終了しました。,　　,
22:59,本日の運行は終了しました。,　　,
23:00,本日の運行は終了しました。,　　,
23:01,本日の運行は終了しました。,　　,
23:02,本日の運行は終了しました。,　　,
23:03,本日の運行は終了しました。,　　,
23:04,本日の運行は終了しました。,　　,
23:05,本日の運行は終了しました。,　　,
23:06,本日の運行は終了しました。,　　,
23:07,本日の運行は終了しました。,　　,
23:08,本日の運行は終了しました。,　　,
23:09,本日の運行は終了しました。,　　,
23:10,本日の運行は終了しました。,　　,
23:11,本日の運行は終了しました。,　　,
23:12,本日の運行は終了しました。,　　,
23:13,本日の運行は終了しました。,　　,
23:14,本日の運行は終了しました。,　　,
23:15,本日の運行は終了しました。,　　,
23:16,本日の運行は終了しました。,　　,
23:17,本日の運行は終了しました。,　　,
23:18,本日の運行は終了しました。,　　,
23:19,本日の運行は終了しました。,　　,
23:20,本日の運行は終了しました。,　　,
23:21,本日の運行は終了しました。,　　,
23:22,本日の運行は終了しました。,　　,
23:23,本日の運行は終了しました。,　　,
23:24,本日の運行は終了しました。,　　,
23:25,本日の運行は終了しました。,　　,
23:26,本日の運行は終了しました。,　　,
23:27,本日の運行は終了しました。,　　,
23:28,本日の運行は終了しました。,　　,
23:29,本日の運行は終了しました。,　　,
23:30,本日の運行は終了しました。,　　,
23:31,本日の運行は終了しました。,　　,
23:32,本日の運行は終了しました。,　　,
23:33,本日の運行は終了しました。,　　,
23:34,本日の運行は終了しました。,　　,
23:35,本日の運行は終了しました。,　　,
23:36,本日の運行は終了しました。,　　,
23:37,本日の運行は終了しました。,　　,
23:38,本日の運行は終了しました。,　　,
23:39,本日の運行は終了しました。,　　,
23:40,本日の運行は終了しました。,　　,
23:41,本日の運行は終了しました。,　　,
23:42,本日の運行は終了しました。,　　,
23:43,本日の運行は終了しました。,　　,
23:44,本日の運行は終了しました。,　　,
23:45,本日の運行は終了しました。,　　,
23:46,本日の運行は終了しました。,　　,
23:47,本日の運行は終了しました。,　　,
23:48,本日の運行は終了しました。,　　,
23:49,本日の運行は終了しました。,　　,
23:50,本日の運行は終了しました。,　　,
23:51,本日の運行は終了しました。,　　,
23:52,本日の運行は終了しました。,　　,
23:53,本日の運行は終了しました。,　　,
23:54,本日の運行は終了しました。,　　,
23:55,本日の運行は終了しました。,　　,
23:56,本日の運行は終了しました。,　　,
23:57,本日の運行は終了しました。,　　,
23:58,本日の運行は終了しました。,　　,
23:59,本日の運行は終了しました。,　　,
